Account,Month,Actuals,Budget,Forecast,Budget Variance,Forecast Variance
Affiliate Contracts,2022-01-01,-617.42,-617.0,-617.42,-0.4199999999999591,0.0
Affiliate Contracts,2022-02-01,-617.42,-617.0,-617.42,-0.4199999999999591,0.0
Affiliate Contracts,2022-03-01,-617.42,-617.0,-617.42,-0.4199999999999591,0.0
Affiliate Contracts,2022-04-01,-632.86,-617.0,-632.86,-15.860000000000014,0.0
Affiliate Contracts,2022-05-01,-632.86,-617.0,-632.86,-15.860000000000014,0.0
Affiliate Contracts,2022-06-01,-632.86,-617.0,-632.86,-15.860000000000014,0.0
Affiliate Contracts,2022-07-01,2296.14,-617.0,-632.86,2913.14,2929.0
Affiliate Contracts,2022-08-01,-2751.86,-617.0,-632.86,-2134.86,-2119.0
Affiliate Contracts,2022-09-01,-1612.8600000000001,-617.0,-632.86,-995.8600000000001,-980.0000000000001
Affiliate Contracts,2022-10-01,-90.86000000000013,-617.0,-632.86,526.1399999999999,541.9999999999999
Affiliate Contracts,2022-11-01,1104.1399999999999,-617.0,-632.86,1721.1399999999999,1737.0
Affiliate Contracts,2022-12-01,635.1399999999999,-617.0,-632.86,1252.1399999999999,1268.0
Affiliate Contracts,2023-01-01,-632.86,-633.0,-632.86,0.13999999999998636,0.0
Affiliate Contracts,2023-02-01,-632.86,-633.0,-632.86,0.13999999999998636,0.0
Affiliate Contracts,2023-03-01,-632.86,-633.0,-632.86,0.13999999999998636,0.0
Affiliate Contracts,2023-04-01,-648.68,-633.0,-648.68,-15.67999999999995,0.0
Affiliate Contracts,2023-05-01,-648.68,-633.0,-648.68,-15.67999999999995,0.0
Affiliate Contracts,2023-06-01,-649.0,-633.0,-649.0,-16.0,0.0
Affiliate Contracts,2023-07-01,,-633.0,-649.0,,
Affiliate Contracts,2023-08-01,,-633.0,84428.0,,
Affiliate Contracts,2023-09-01,,-633.0,85117.0,,
Affiliate Contracts,2023-10-01,,-633.0,85073.0,,
Affiliate Contracts,2023-11-01,,-633.0,84804.0,,
Affiliate Contracts,2023-12-01,,-633.0,85214.0,,
Building Rent,2022-01-01,164531.25,164531.25,164531.25,0.0,0.0
Building Rent,2022-02-01,164531.25,164531.25,164531.25,0.0,0.0
Building Rent,2022-03-01,164531.25,164531.25,164531.25,0.0,0.0
Building Rent,2022-04-01,164531.25,164531.25,164531.25,0.0,0.0
Building Rent,2022-05-01,164531.25,164531.25,164531.25,0.0,0.0
Building Rent,2022-06-01,164531.25,164531.25,164531.25,0.0,0.0
Building Rent,2022-07-01,165027.25,164531.25,164531.25,496.0,496.0
Building Rent,2022-08-01,164619.25,164531.25,164531.25,88.0,88.0
Building Rent,2022-09-01,163726.25,164531.25,164531.25,-805.0,-805.0
Building Rent,2022-10-01,165788.25,164531.25,164531.25,1257.0,1257.0
Building Rent,2022-11-01,166944.25,164531.25,164531.25,2413.0,2413.0
Building Rent,2022-12-01,162699.25,164531.25,164531.25,-1832.0,-1832.0
Building Rent,2023-01-01,168750.0,168750.0,168750.0,0.0,0.0
Building Rent,2023-02-01,168750.0,168750.0,168750.0,0.0,0.0
Building Rent,2023-03-01,168750.0,168750.0,168750.0,0.0,0.0
Building Rent,2023-04-01,168750.0,168750.0,168750.0,0.0,0.0
Building Rent,2023-05-01,168750.0,168750.0,168750.0,0.0,0.0
Building Rent,2023-06-01,168750.0,168750.0,168750.0,0.0,0.0
Building Rent,2023-07-01,,168750.0,168750.0,,
Building Rent,2023-08-01,,168750.0,10880.0,,
Building Rent,2023-09-01,,168750.0,10998.0,,
Building Rent,2023-10-01,,168750.0,11531.0,,
Building Rent,2023-11-01,,168750.0,11499.0,,
Building Rent,2023-12-01,,168750.0,11334.0,,
Building/Ground Maintenance,2022-01-01,876.48,10779.36,876.48,-9902.880000000001,0.0
Building/Ground Maintenance,2022-02-01,625.0,9833.33,625.0,-9208.33,0.0
Building/Ground Maintenance,2022-03-01,813.44,11132.66,813.44,-10319.22,0.0
Building/Ground Maintenance,2022-04-01,4955.0,12869.76,4955.0,-7914.76,0.0
Building/Ground Maintenance,2022-05-01,0.0,13345.91,0.0,-13345.91,0.0
Building/Ground Maintenance,2022-06-01,500.0,10649.97,500.0,-10149.97,0.0
Building/Ground Maintenance,2022-07-01,1876.54,10649.18,107.54,-8772.64,1769.0
Building/Ground Maintenance,2022-08-01,14740.96,19679.99,14758.96,-4939.0300000000025,-18.0
Building/Ground Maintenance,2022-09-01,3034.9799999999996,10939.85,2187.98,-7904.870000000001,846.9999999999995
Building/Ground Maintenance,2022-10-01,17765.5,16023.0,17306.5,1742.5,459.0
Building/Ground Maintenance,2022-11-01,7934.75,11151.06,6670.75,-3216.3099999999995,1264.0
Building/Ground Maintenance,2022-12-01,-1774.6,11591.53,2020.4,-13366.130000000001,-3795.0
Building/Ground Maintenance,2023-01-01,-11.88,1663.0,-11.88,-1674.88,0.0
Building/Ground Maintenance,2023-02-01,16655.36,2226.38,16655.36,14428.98,0.0
Building/Ground Maintenance,2023-03-01,1033.95,3580.01,1033.95,-2546.0600000000004,0.0
Building/Ground Maintenance,2023-04-01,1870.84,6101.73,1870.84,-4230.889999999999,0.0
Building/Ground Maintenance,2023-05-01,16769.3,1667.0,16769.3,15102.3,0.0
Building/Ground Maintenance,2023-06-01,1945.0,2114.0,1945.0,-169.0,0.0
Building/Ground Maintenance,2023-07-01,,1667.0,3250.0,,
Building/Ground Maintenance,2023-08-01,,2226.0,37.0,,
Building/Ground Maintenance,2023-09-01,,3580.0,424.0,,
Building/Ground Maintenance,2023-10-01,,6102.0,235.0,,
Building/Ground Maintenance,2023-11-01,,1667.0,-202.0,,
Building/Ground Maintenance,2023-12-01,,2114.0,-843.0,,
CAM,2022-01-01,8226.5625,8226.5625,8226.5625,0.0,0.0
CAM,2022-02-01,8226.5625,8226.5625,8226.5625,0.0,0.0
CAM,2022-03-01,8226.5625,8226.5625,8226.5625,0.0,0.0
CAM,2022-04-01,8226.5625,8226.5625,8226.5625,0.0,0.0
CAM,2022-05-01,30726.5625,8226.5625,30726.5625,22500.0,0.0
CAM,2022-06-01,8226.5625,8226.5625,8226.5625,0.0,0.0
CAM,2022-07-01,5147.5625,8226.5625,8226.5625,-3079.0,-3079.0
CAM,2022-08-01,7406.5625,8226.5625,8226.5625,-820.0,-820.0
CAM,2022-09-01,6084.5625,8226.5625,8226.5625,-2142.0,-2142.0
CAM,2022-10-01,11952.5625,8226.5625,8226.5625,3726.0,3726.0
CAM,2022-11-01,7252.5625,8226.5625,8226.5625,-974.0,-974.0
CAM,2022-12-01,7917.5625,8226.5625,8226.5625,-309.0,-309.0
CAM,2023-01-01,8437.5,8437.5,8437.5,0.0,0.0
CAM,2023-02-01,8437.5,8437.5,8437.5,0.0,0.0
CAM,2023-03-01,8437.5,8437.5,8437.5,0.0,0.0
CAM,2023-04-01,33437.5,8437.5,33437.5,25000.0,0.0
CAM,2023-05-01,8437.5,8437.5,8437.5,0.0,0.0
CAM,2023-06-01,8438.0,8438.0,8438.0,0.0,0.0
CAM,2023-07-01,,8438.0,8438.0,,
CAM,2023-08-01,,8438.0,995.0,,
CAM,2023-09-01,,8438.0,1534.0,,
CAM,2023-10-01,,8438.0,1693.0,,
CAM,2023-11-01,,8438.0,1699.0,,
CAM,2023-12-01,,8438.0,1422.0,,
Contract Food/Beverage/Vending,2022-01-01,929.08,625.0,929.08,304.08000000000004,0.0
Contract Food/Beverage/Vending,2022-02-01,476.72,625.0,476.72,-148.27999999999997,0.0
Contract Food/Beverage/Vending,2022-03-01,581.25,625.0,581.25,-43.75,0.0
Contract Food/Beverage/Vending,2022-04-01,343.59,625.0,343.59,-281.41,0.0
Contract Food/Beverage/Vending,2022-05-01,456.65,625.0,456.65,-168.35000000000002,0.0
Contract Food/Beverage/Vending,2022-06-01,0.0,625.0,0.0,-625.0,0.0
Contract Food/Beverage/Vending,2022-07-01,456.3800000000001,625.0,903.38,-168.6199999999999,-446.9999999999999
Contract Food/Beverage/Vending,2022-08-01,2553.17,625.0,1140.17,1928.17,1413.0
Contract Food/Beverage/Vending,2022-09-01,3463.58,625.0,424.58,2838.58,3039.0
Contract Food/Beverage/Vending,2022-10-01,632.6000000000004,625.0,174.6,7.600000000000364,458.00000000000034
Contract Food/Beverage/Vending,2022-11-01,-617.5299999999997,625.0,187.47,-1242.5299999999997,-804.9999999999998
Contract Food/Beverage/Vending,2022-12-01,-1158.5500000000002,625.0,493.45,-1783.5500000000002,-1652.0000000000002
Contract Food/Beverage/Vending,2023-01-01,574.77,475.0,574.77,99.76999999999998,0.0
Contract Food/Beverage/Vending,2023-02-01,0.0,475.0,0.0,-475.0,0.0
Contract Food/Beverage/Vending,2023-03-01,2028.48,475.0,2028.48,1553.48,0.0
Contract Food/Beverage/Vending,2023-04-01,334.64,475.0,334.64,-140.36,0.0
Contract Food/Beverage/Vending,2023-05-01,0.0,475.0,0.0,-475.0,0.0
Contract Food/Beverage/Vending,2023-06-01,0.0,475.0,0.0,-475.0,0.0
Contract Food/Beverage/Vending,2023-07-01,,475.0,0.0,,
Contract Food/Beverage/Vending,2023-08-01,,475.0,-899.0,,
Contract Food/Beverage/Vending,2023-09-01,,475.0,-279.0,,
Contract Food/Beverage/Vending,2023-10-01,,475.0,-621.0,,
Contract Food/Beverage/Vending,2023-11-01,,475.0,-835.0,,
Contract Food/Beverage/Vending,2023-12-01,,475.0,-936.0,,
Copier/Fax Paper,2022-01-01,652.89,595.0,652.89,57.889999999999986,0.0
Copier/Fax Paper,2022-02-01,291.7,595.0,291.7,-303.3,0.0
Copier/Fax Paper,2022-03-01,1372.58,595.0,1372.58,777.5799999999999,0.0
Copier/Fax Paper,2022-04-01,280.19,595.0,280.19,-314.81,0.0
Copier/Fax Paper,2022-05-01,299.28,595.0,299.28,-295.72,0.0
Copier/Fax Paper,2022-06-01,870.12,595.0,870.12,275.12,0.0
Copier/Fax Paper,2022-07-01,-3274.36,595.0,735.64,-3869.36,-4010.0
Copier/Fax Paper,2022-08-01,751.1300000000001,595.0,683.13,156.1300000000001,68.00000000000011
Copier/Fax Paper,2022-09-01,1502.0599999999995,595.0,755.06,907.0599999999995,746.9999999999995
Copier/Fax Paper,2022-10-01,-1361.87,595.0,844.13,-1956.87,-2206.0
Copier/Fax Paper,2022-11-01,4755.51,595.0,381.51,4160.51,4374.0
Copier/Fax Paper,2022-12-01,1234.8500000000004,595.0,346.85,639.8500000000004,888.0000000000003
Copier/Fax Paper,2023-01-01,728.34,650.0,728.34,78.34000000000003,0.0
Copier/Fax Paper,2023-02-01,277.47,650.0,277.47,-372.53,0.0
Copier/Fax Paper,2023-03-01,173.42,650.0,173.42,-476.58000000000004,0.0
Copier/Fax Paper,2023-04-01,0.0,650.0,0.0,-650.0,0.0
Copier/Fax Paper,2023-05-01,0.0,650.0,0.0,-650.0,0.0
Copier/Fax Paper,2023-06-01,0.0,650.0,0.0,-650.0,0.0
Copier/Fax Paper,2023-07-01,,650.0,0.0,,
Copier/Fax Paper,2023-08-01,,650.0,-439.0,,
Copier/Fax Paper,2023-09-01,,650.0,-1252.0,,
Copier/Fax Paper,2023-10-01,,650.0,-984.0,,
Copier/Fax Paper,2023-11-01,,650.0,169.0,,
Copier/Fax Paper,2023-12-01,,650.0,-154.0,,
Courier & Freight Services,2022-01-01,0.0,100.0,0.0,-100.0,0.0
Courier & Freight Services,2022-02-01,95.28,100.0,95.28,-4.719999999999999,0.0
Courier & Freight Services,2022-03-01,47.58,100.0,47.58,-52.42,0.0
Courier & Freight Services,2022-04-01,0.0,100.0,0.0,-100.0,0.0
Courier & Freight Services,2022-05-01,47.64,100.0,47.64,-52.36,0.0
Courier & Freight Services,2022-06-01,0.0,100.0,0.0,-100.0,0.0
Courier & Freight Services,2022-07-01,222.0,100.0,0.0,122.0,222.0
Courier & Freight Services,2022-08-01,-2228.0,100.0,0.0,-2328.0,-2228.0
Courier & Freight Services,2022-09-01,-1721.0,100.0,0.0,-1821.0,-1721.0
Courier & Freight Services,2022-10-01,-769.0,100.0,0.0,-869.0,-769.0
Courier & Freight Services,2022-11-01,1112.0,100.0,0.0,1012.0,1112.0
Courier & Freight Services,2022-12-01,2578.0,100.0,0.0,2478.0,2578.0
Courier & Freight Services,2023-01-01,0.0,75.0,0.0,-75.0,0.0
Courier & Freight Services,2023-02-01,0.0,75.0,0.0,-75.0,0.0
Courier & Freight Services,2023-03-01,0.0,75.0,0.0,-75.0,0.0
Courier & Freight Services,2023-04-01,0.0,75.0,0.0,-75.0,0.0
Courier & Freight Services,2023-05-01,0.0,75.0,0.0,-75.0,0.0
Courier & Freight Services,2023-06-01,0.0,75.0,0.0,-75.0,0.0
Courier & Freight Services,2023-07-01,,75.0,0.0,,
Courier & Freight Services,2023-08-01,,75.0,23956.0,,
Courier & Freight Services,2023-09-01,,75.0,23435.0,,
Courier & Freight Services,2023-10-01,,75.0,23307.0,,
Courier & Freight Services,2023-11-01,,75.0,23636.0,,
Courier & Freight Services,2023-12-01,,75.0,23636.0,,
Depreciation - Building,2022-01-01,23210.21,23210.21,23210.21,0.0,0.0
Depreciation - Building,2022-02-01,23210.21,23210.21,23210.21,0.0,0.0
Depreciation - Building,2022-03-01,23210.21,23210.21,23210.21,0.0,0.0
Depreciation - Building,2022-04-01,23210.21,23210.21,23210.21,0.0,0.0
Depreciation - Building,2022-05-01,23210.21,23210.21,23210.21,0.0,0.0
Depreciation - Building,2022-06-01,23210.21,23210.21,23210.21,0.0,0.0
Depreciation - Building,2022-07-01,22985.21,23210.21,23210.21,-225.0,-225.0
Depreciation - Building,2022-08-01,22948.21,23210.21,23210.21,-262.0,-262.0
Depreciation - Building,2022-09-01,19821.21,23210.21,23210.21,-3389.0,-3389.0
Depreciation - Building,2022-10-01,22694.21,23210.21,23210.21,-516.0,-516.0
Depreciation - Building,2022-11-01,25026.21,23210.21,23210.21,1816.0,1816.0
Depreciation - Building,2022-12-01,22108.24,23210.21,23210.24,-1101.9699999999975,-1102.0
Depreciation - Building,2023-01-01,23210.21,23210.21,23210.21,0.0,0.0
Depreciation - Building,2023-02-01,23210.21,23210.21,23210.21,0.0,0.0
Depreciation - Building,2023-03-01,23210.21,23210.21,23210.21,0.0,0.0
Depreciation - Building,2023-04-01,23210.21,23210.21,23210.21,0.0,0.0
Depreciation - Building,2023-05-01,23210.21,23210.21,23210.21,0.0,0.0
Depreciation - Building,2023-06-01,23210.0,23210.0,23210.0,0.0,0.0
Depreciation - Building,2023-07-01,,23210.0,23210.0,,
Depreciation - Building,2023-08-01,,23210.0,31202.0,,
Depreciation - Building,2023-09-01,,23210.0,30697.0,,
Depreciation - Building,2023-10-01,,23210.0,31352.0,,
Depreciation - Building,2023-11-01,,23210.0,30944.0,,
Depreciation - Building,2023-12-01,,23210.0,31632.0,,
Depreciation - Building Improvements,2022-01-01,77642.83,77642.82,77642.83,0.00999999999476131,0.0
Depreciation - Building Improvements,2022-02-01,77642.83,77642.82,77642.83,0.00999999999476131,0.0
Depreciation - Building Improvements,2022-03-01,77642.83,77642.82,77642.83,0.00999999999476131,0.0
Depreciation - Building Improvements,2022-04-01,77642.83,77642.82,77642.83,0.00999999999476131,0.0
Depreciation - Building Improvements,2022-05-01,77642.83,77642.82,77642.83,0.00999999999476131,0.0
Depreciation - Building Improvements,2022-06-01,77642.83,77642.82,77642.83,0.00999999999476131,0.0
Depreciation - Building Improvements,2022-07-01,75041.83,77642.82,77642.83,-2600.9900000000052,-2601.0
Depreciation - Building Improvements,2022-08-01,76144.83,77642.82,77642.83,-1497.9900000000052,-1498.0
Depreciation - Building Improvements,2022-09-01,92648.83,77642.82,90009.83,15006.009999999995,2639.0
Depreciation - Building Improvements,2022-10-01,82043.93,77642.82,83936.93,4401.109999999986,-1893.0
Depreciation - Building Improvements,2022-11-01,84974.58,77642.82,84068.58,7331.759999999995,906.0
Depreciation - Building Improvements,2022-12-01,83227.41,77642.82,84843.41,5584.5899999999965,-1616.0
Depreciation - Building Improvements,2023-01-01,86406.42,83913.37,86406.42,2493.050000000003,0.0
Depreciation - Building Improvements,2023-02-01,85104.01,83913.37,85104.01,1190.6399999999994,0.0
Depreciation - Building Improvements,2023-03-01,85104.01,83913.37,85104.01,1190.6399999999994,0.0
Depreciation - Building Improvements,2023-04-01,85104.01,83913.37,85104.01,1190.6399999999994,0.0
Depreciation - Building Improvements,2023-05-01,85161.3,83913.37,85161.3,1247.9300000000076,0.0
Depreciation - Building Improvements,2023-06-01,85161.0,83913.0,85161.0,1248.0,0.0
Depreciation - Building Improvements,2023-07-01,,83913.0,85161.0,,
Depreciation - Building Improvements,2023-08-01,,83913.0,623.0,,
Depreciation - Building Improvements,2023-09-01,,83913.0,733.0,,
Depreciation - Building Improvements,2023-10-01,,83913.0,634.0,,
Depreciation - Building Improvements,2023-11-01,,83913.0,1030.0,,
Depreciation - Building Improvements,2023-12-01,,83913.0,1407.0,,
Depreciation - Fixed Equipment,2022-01-01,10924.77,11929.29,10924.77,-1004.5200000000004,0.0
Depreciation - Fixed Equipment,2022-02-01,10924.77,11929.29,10924.77,-1004.5200000000004,0.0
Depreciation - Fixed Equipment,2022-03-01,10924.77,11929.29,10924.77,-1004.5200000000004,0.0
Depreciation - Fixed Equipment,2022-04-01,10924.77,11929.29,10924.77,-1004.5200000000004,0.0
Depreciation - Fixed Equipment,2022-05-01,10924.77,11929.29,10924.77,-1004.5200000000004,0.0
Depreciation - Fixed Equipment,2022-06-01,10924.77,11929.29,10924.77,-1004.5200000000004,0.0
Depreciation - Fixed Equipment,2022-07-01,11997.77,11929.29,10924.77,68.47999999999956,1073.0
Depreciation - Fixed Equipment,2022-08-01,8359.77,11929.29,10924.77,-3569.5200000000004,-2565.0
Depreciation - Fixed Equipment,2022-09-01,12051.49,11929.29,11053.49,122.19999999999891,998.0
Depreciation - Fixed Equipment,2022-10-01,14125.13,11929.29,10989.13,2195.8399999999983,3136.0
Depreciation - Fixed Equipment,2022-11-01,10108.19,11929.29,11054.19,-1821.1000000000004,-946.0
Depreciation - Fixed Equipment,2022-12-01,7907.84,11929.29,11482.84,-4021.4500000000007,-3575.0
Depreciation - Fixed Equipment,2023-01-01,11569.85,11074.61,11569.85,495.2399999999998,0.0
Depreciation - Fixed Equipment,2023-02-01,11179.05,11074.61,11179.05,104.43999999999869,0.0
Depreciation - Fixed Equipment,2023-03-01,11179.05,11074.61,11179.05,104.43999999999869,0.0
Depreciation - Fixed Equipment,2023-04-01,11234.62,11074.61,11234.62,160.01000000000022,0.0
Depreciation - Fixed Equipment,2023-05-01,11234.62,11074.61,11234.62,160.01000000000022,0.0
Depreciation - Fixed Equipment,2023-06-01,11235.0,11075.0,11235.0,160.0,0.0
Depreciation - Fixed Equipment,2023-07-01,,11075.0,11235.0,,
Depreciation - Fixed Equipment,2023-08-01,,11075.0,4514.0,,
Depreciation - Fixed Equipment,2023-09-01,,11075.0,5404.0,,
Depreciation - Fixed Equipment,2023-10-01,,11075.0,4761.0,,
Depreciation - Fixed Equipment,2023-11-01,,11075.0,4446.0,,
Depreciation - Fixed Equipment,2023-12-01,,11075.0,4305.0,,
Depreciation - Furniture And Fixtures,2022-01-01,37046.4,37046.4,37046.4,0.0,0.0
Depreciation - Furniture And Fixtures,2022-02-01,37046.4,37046.4,37046.4,0.0,0.0
Depreciation - Furniture And Fixtures,2022-03-01,37046.4,37046.4,37046.4,0.0,0.0
Depreciation - Furniture And Fixtures,2022-04-01,37046.4,37046.4,37046.4,0.0,0.0
Depreciation - Furniture And Fixtures,2022-05-01,37046.4,37046.4,37046.4,0.0,0.0
Depreciation - Furniture And Fixtures,2022-06-01,37046.4,37046.4,37046.4,0.0,0.0
Depreciation - Furniture And Fixtures,2022-07-01,34734.4,37046.4,37046.4,-2312.0,-2312.0
Depreciation - Furniture And Fixtures,2022-08-01,34616.4,37046.4,37046.4,-2430.0,-2430.0
Depreciation - Furniture And Fixtures,2022-09-01,36782.4,37046.4,37046.4,-264.0,-264.0
Depreciation - Furniture And Fixtures,2022-10-01,39419.4,37046.4,37046.4,2373.0,2373.0
Depreciation - Furniture And Fixtures,2022-11-01,39724.4,37046.4,37046.4,2678.0,2678.0
Depreciation - Furniture And Fixtures,2022-12-01,36494.01,37046.4,37046.01,-552.3899999999994,-552.0
Depreciation - Furniture And Fixtures,2023-01-01,37046.44,37046.42,37046.44,0.020000000004074536,0.0
Depreciation - Furniture And Fixtures,2023-02-01,35204.05,35204.05,35204.05,0.0,0.0
Depreciation - Furniture And Fixtures,2023-03-01,35204.05,35204.05,35204.05,0.0,0.0
Depreciation - Furniture And Fixtures,2023-04-01,35483.79,35204.08,35483.79,279.7099999999991,0.0
Depreciation - Furniture And Fixtures,2023-05-01,35484.29,35042.1,35484.29,442.1900000000023,0.0
Depreciation - Furniture And Fixtures,2023-06-01,35484.0,35042.0,35484.0,442.0,0.0
Depreciation - Furniture And Fixtures,2023-07-01,,37125.0,35484.0,,
Depreciation - Furniture And Fixtures,2023-08-01,,37125.0,1154.0,,
Depreciation - Furniture And Fixtures,2023-09-01,,37125.0,1791.0,,
Depreciation - Furniture And Fixtures,2023-10-01,,37125.0,1089.0,,
Depreciation - Furniture And Fixtures,2023-11-01,,37125.0,2021.0,,
Depreciation - Furniture And Fixtures,2023-12-01,,37125.0,2135.0,,
Document Destruction,2022-01-01,639.16,800.0,639.16,-160.84000000000003,0.0
Document Destruction,2022-02-01,639.16,800.0,639.16,-160.84000000000003,0.0
Document Destruction,2022-03-01,798.95,800.0,798.95,-1.0499999999999545,0.0
Document Destruction,2022-04-01,639.16,800.0,639.16,-160.84000000000003,0.0
Document Destruction,2022-05-01,639.16,800.0,639.16,-160.84000000000003,0.0
Document Destruction,2022-06-01,639.16,800.0,639.16,-160.84000000000003,0.0
Document Destruction,2022-07-01,-679.0500000000002,800.0,798.95,-1479.0500000000002,-1478.0000000000002
Document Destruction,2022-08-01,2740.58,800.0,445.58,1940.58,2295.0
Document Destruction,2022-09-01,-219.4000000000001,800.0,350.6,-1019.4000000000001,-570.0000000000001
Document Destruction,2022-10-01,233.07999999999993,800.0,247.08,-566.9200000000001,-14.000000000000085
Document Destruction,2022-11-01,999.3699999999999,800.0,309.37,199.3699999999999,689.9999999999999
Document Destruction,2022-12-01,1064.31,800.0,185.31,264.30999999999995,879.0
Document Destruction,2023-01-01,255.5,725.0,255.5,-469.5,0.0
Document Destruction,2023-02-01,408.05,725.0,408.05,-316.95,0.0
Document Destruction,2023-03-01,276.64,725.0,276.64,-448.36,0.0
Document Destruction,2023-04-01,307.61,725.0,307.61,-417.39,0.0
Document Destruction,2023-05-01,143.47,725.0,143.47,-581.53,0.0
Document Destruction,2023-06-01,150.0,725.0,150.0,-575.0,0.0
Document Destruction,2023-07-01,,725.0,150.0,,
Document Destruction,2023-08-01,,725.0,13413.0,,
Document Destruction,2023-09-01,,725.0,13510.0,,
Document Destruction,2023-10-01,,725.0,13532.0,,
Document Destruction,2023-11-01,,725.0,14280.0,,
Document Destruction,2023-12-01,,725.0,13642.0,,
Electric,2022-01-01,11776.1,14029.38,11776.1,-2253.279999999999,0.0
Electric,2022-02-01,12453.12,13677.74,12453.12,-1224.619999999999,0.0
Electric,2022-03-01,11833.98,12489.22,11833.98,-655.2399999999998,0.0
Electric,2022-04-01,12593.32,13356.32,12593.32,-763.0,0.0
Electric,2022-05-01,13744.65,15763.32,13744.65,-2018.67,0.0
Electric,2022-06-01,14280.92,16335.43,14280.92,-2054.51,0.0
Electric,2022-07-01,13571.760000000002,18952.54,15349.76,-5380.779999999999,-1777.9999999999982
Electric,2022-08-01,3477.29,18063.57,3558.29,-14586.279999999999,-81.0
Electric,2022-09-01,31579.990000000005,17716.66,30407.99,13863.330000000005,1172.0000000000036
Electric,2022-10-01,-1951.63,15820.55,1276.37,-17772.18,-3228.0
Electric,2022-11-01,31187.18,13819.84,28341.18,17367.34,2846.0
Electric,2022-12-01,14810.220000000001,13938.01,12637.22,872.210000000001,2173.000000000002
Electric,2023-01-01,12595.34,12649.06,12595.34,-53.719999999999345,0.0
Electric,2023-02-01,13277.16,12046.78,13277.16,1230.3799999999992,0.0
Electric,2023-03-01,12281.92,12660.84,12281.92,-378.9200000000001,0.0
Electric,2023-04-01,11439.37,13797.22,11439.37,-2357.8499999999985,0.0
Electric,2023-05-01,12028.51,14480.6,12028.51,-2452.09,0.0
Electric,2023-06-01,11149.0,16335.0,11149.0,-5186.0,0.0
Electric,2023-07-01,,15688.0,10875.0,,
Electric,2023-08-01,,16698.0,114.0,,
Electric,2023-09-01,,14448.0,-318.0,,
Electric,2023-10-01,,12930.0,359.0,,
Electric,2023-11-01,,12798.0,253.0,,
Electric,2023-12-01,,12013.0,116.0,,
Electrical Work,2022-01-01,2717.52,6645.48,2717.52,-3927.9599999999996,0.0
Electrical Work,2022-02-01,0.0,680.83,0.0,-680.83,0.0
Electrical Work,2022-03-01,2085.42,1285.83,2085.42,799.5900000000001,0.0
Electrical Work,2022-04-01,1903.97,1430.83,1903.97,473.1400000000001,0.0
Electrical Work,2022-05-01,816.31,1180.83,816.31,-364.52,0.0
Electrical Work,2022-06-01,963.25,1663.33,963.25,-700.0799999999999,0.0
Electrical Work,2022-07-01,978.3899999999999,2022.57,1020.39,-1044.18,-42.000000000000114
Electrical Work,2022-08-01,-125.76999999999998,775.42,205.23,-901.1899999999999,-331.0
Electrical Work,2022-09-01,-1024.7600000000002,775.42,2802.24,-1800.1800000000003,-3827.0
Electrical Work,2022-10-01,3086.2799999999997,764.4,4343.28,2321.8799999999997,-1257.0
Electrical Work,2022-11-01,-2158.7,1207.89,1471.3,-3366.59,-3630.0
Electrical Work,2022-12-01,-737.71,680.83,1678.29,-1418.54,-2416.0
Electrical Work,2023-01-01,6569.58,2345.24,6569.58,4224.34,0.0
Electrical Work,2023-02-01,1415.21,0.0,1415.21,1415.21,0.0
Electrical Work,2023-03-01,1321.53,1458.43,1321.53,-136.9000000000001,0.0
Electrical Work,2023-04-01,1204.4,3318.69,1204.4,-2114.29,0.0
Electrical Work,2023-05-01,2312.53,0.0,2312.53,2312.53,0.0
Electrical Work,2023-06-01,1835.0,0.0,1835.0,1835.0,0.0
Electrical Work,2023-07-01,,2345.0,1150.0,,
Electrical Work,2023-08-01,,0.0,-440.0,,
Electrical Work,2023-09-01,,1458.0,-266.0,,
Electrical Work,2023-10-01,,3319.0,160.0,,
Electrical Work,2023-11-01,,0.0,-24.0,,
Electrical Work,2023-12-01,,0.0,4.0,,
Elevator Maintenance,2022-01-01,2145.57,1605.76,2145.57,539.8100000000002,0.0
Elevator Maintenance,2022-02-01,1744.0,366.44,1744.0,1377.56,0.0
Elevator Maintenance,2022-03-01,872.0,1494.5,872.0,-622.5,0.0
Elevator Maintenance,2022-04-01,872.0,1410.89,872.0,-538.8900000000001,0.0
Elevator Maintenance,2022-05-01,1372.0,1108.0,1372.0,264.0,0.0
Elevator Maintenance,2022-06-01,872.0,2918.96,872.0,-2046.96,0.0
Elevator Maintenance,2022-07-01,-68.0,2659.91,872.0,-2727.91,-940.0
Elevator Maintenance,2022-08-01,1390.0,2914.3,2872.0,-1524.3000000000002,-1482.0
Elevator Maintenance,2022-09-01,4162.71,1761.97,3071.71,2400.74,1091.0
Elevator Maintenance,2022-10-01,2656.0,2632.91,0.0,23.090000000000146,2656.0
Elevator Maintenance,2022-11-01,21.0,2712.01,-1128.0,-2691.01,1149.0
Elevator Maintenance,2022-12-01,-3115.0,2271.3,-128.0,-5386.3,-2987.0
Elevator Maintenance,2023-01-01,872.0,835.07,872.0,36.92999999999995,0.0
Elevator Maintenance,2023-02-01,4042.39,835.07,4042.39,3207.3199999999997,0.0
Elevator Maintenance,2023-03-01,-60.77,835.07,-60.77,-895.84,0.0
Elevator Maintenance,2023-04-01,872.0,835.07,872.0,36.92999999999995,0.0
Elevator Maintenance,2023-05-01,871.73,1282.57,871.73,-410.8399999999999,0.0
Elevator Maintenance,2023-06-01,872.0,835.0,872.0,37.0,0.0
Elevator Maintenance,2023-07-01,,835.0,872.0,,
Elevator Maintenance,2023-08-01,,835.0,-267.0,,
Elevator Maintenance,2023-09-01,,835.0,634.0,,
Elevator Maintenance,2023-10-01,,835.0,-729.0,,
Elevator Maintenance,2023-11-01,,1283.0,-146.0,,
Elevator Maintenance,2023-12-01,,835.0,230.0,,
Equipment Repairs & Maint,2022-01-01,887.55,94.49,887.55,793.06,0.0
Equipment Repairs & Maint,2022-02-01,0.0,392.51,0.0,-392.51,0.0
Equipment Repairs & Maint,2022-03-01,0.0,386.62,0.0,-386.62,0.0
Equipment Repairs & Maint,2022-04-01,4378.0,4036.0,4378.0,342.0,0.0
Equipment Repairs & Maint,2022-05-01,0.0,500.0,0.0,-500.0,0.0
Equipment Repairs & Maint,2022-06-01,0.0,73.29,0.0,-73.29,0.0
Equipment Repairs & Maint,2022-07-01,-3522.0,69.42,-400.0,-3591.42,-3122.0
Equipment Repairs & Maint,2022-08-01,1412.0,169.4,0.0,1242.6,1412.0
Equipment Repairs & Maint,2022-09-01,4457.83,403.9,5101.83,4053.93,-644.0
Equipment Repairs & Maint,2022-10-01,12390.96,69.42,10061.96,12321.539999999999,2329.0
Equipment Repairs & Maint,2022-11-01,-2808.5,73.29,681.5,-2881.79,-3490.0
Equipment Repairs & Maint,2022-12-01,149.23999999999978,0.0,-124.76,149.23999999999978,273.9999999999998
Equipment Repairs & Maint,2023-01-01,0.0,794.76,0.0,-794.76,0.0
Equipment Repairs & Maint,2023-02-01,1646.98,0.0,1646.98,1646.98,0.0
Equipment Repairs & Maint,2023-03-01,3685.74,0.0,3685.74,3685.74,0.0
Equipment Repairs & Maint,2023-04-01,1295.67,3918.31,1295.67,-2622.64,0.0
Equipment Repairs & Maint,2023-05-01,-1.0,0.0,-1.0,-1.0,0.0
Equipment Repairs & Maint,2023-06-01,732.0,0.0,732.0,732.0,0.0
Equipment Repairs & Maint,2023-07-01,,795.0,0.0,,
Equipment Repairs & Maint,2023-08-01,,0.0,-26.0,,
Equipment Repairs & Maint,2023-09-01,,0.0,-6.0,,
Equipment Repairs & Maint,2023-10-01,,3918.0,-293.0,,
Equipment Repairs & Maint,2023-11-01,,0.0,417.0,,
Equipment Repairs & Maint,2023-12-01,,0.0,560.0,,
Ergonomic Purchases,2022-01-01,0.0,0.0,0.0,0.0,0.0
Ergonomic Purchases,2022-02-01,0.0,0.0,0.0,0.0,0.0
Ergonomic Purchases,2022-03-01,0.0,0.0,0.0,0.0,0.0
Ergonomic Purchases,2022-04-01,0.0,0.0,0.0,0.0,0.0
Ergonomic Purchases,2022-05-01,0.0,0.0,0.0,0.0,0.0
Ergonomic Purchases,2022-06-01,0.0,0.0,0.0,0.0,0.0
Ergonomic Purchases,2022-07-01,653.0,0.0,0.0,653.0,653.0
Ergonomic Purchases,2022-08-01,-1944.0,0.0,0.0,-1944.0,-1944.0
Ergonomic Purchases,2022-09-01,-1610.0,0.0,0.0,-1610.0,-1610.0
Ergonomic Purchases,2022-10-01,-2430.0,0.0,0.0,-2430.0,-2430.0
Ergonomic Purchases,2022-11-01,-1102.0,0.0,0.0,-1102.0,-1102.0
Ergonomic Purchases,2022-12-01,4424.0,0.0,0.0,4424.0,4424.0
Ergonomic Purchases,2023-01-01,0.0,0.0,0.0,0.0,0.0
Ergonomic Purchases,2023-02-01,0.0,0.0,0.0,0.0,0.0
Ergonomic Purchases,2023-03-01,0.0,0.0,0.0,0.0,0.0
Ergonomic Purchases,2023-04-01,1812.17,0.0,1812.17,1812.17,0.0
Ergonomic Purchases,2023-05-01,1761.04,0.0,1761.04,1761.04,0.0
Ergonomic Purchases,2023-06-01,0.0,0.0,0.0,0.0,0.0
Ergonomic Purchases,2023-07-01,,0.0,0.0,,
Ergonomic Purchases,2023-08-01,,0.0,4590.0,,
Ergonomic Purchases,2023-09-01,,0.0,4848.0,,
Ergonomic Purchases,2023-10-01,,0.0,5252.0,,
Ergonomic Purchases,2023-11-01,,0.0,4860.0,,
Ergonomic Purchases,2023-12-01,,0.0,5315.0,,
Furniture/Cube Moves/Installations,2022-01-01,1783.16,2586.5,1783.16,-803.3399999999999,0.0
Furniture/Cube Moves/Installations,2022-02-01,5519.3,2586.5,5519.3,2932.8,0.0
Furniture/Cube Moves/Installations,2022-03-01,17109.76,2586.5,17109.76,14523.259999999998,0.0
Furniture/Cube Moves/Installations,2022-04-01,3326.6,2586.5,3326.6,740.0999999999999,0.0
Furniture/Cube Moves/Installations,2022-05-01,8619.9,2586.5,8619.9,6033.4,0.0
Furniture/Cube Moves/Installations,2022-06-01,5467.41,2586.5,5467.41,2880.91,0.0
Furniture/Cube Moves/Installations,2022-07-01,8812.59,2586.5,9389.59,6226.09,-577.0
Furniture/Cube Moves/Installations,2022-08-01,10271.619999999999,2586.5,7779.62,7685.119999999999,2491.999999999999
Furniture/Cube Moves/Installations,2022-09-01,10791.69,2586.5,12012.69,8205.19,-1221.0
Furniture/Cube Moves/Installations,2022-10-01,6363.05,2586.5,2647.05,3776.55,3716.0
Furniture/Cube Moves/Installations,2022-11-01,35278.31,2586.5,34713.31,32691.809999999998,565.0
Furniture/Cube Moves/Installations,2022-12-01,5878.23,2586.5,5862.23,3291.7299999999996,16.0
Furniture/Cube Moves/Installations,2023-01-01,6635.46,7912.5,6635.46,-1277.04,0.0
Furniture/Cube Moves/Installations,2023-02-01,8321.77,7912.5,8321.77,409.27000000000044,0.0
Furniture/Cube Moves/Installations,2023-03-01,1436.15,7912.5,1436.15,-6476.35,0.0
Furniture/Cube Moves/Installations,2023-04-01,-2212.75,7912.5,-2212.75,-10125.25,0.0
Furniture/Cube Moves/Installations,2023-05-01,19205.97,7912.5,19205.97,11293.470000000001,0.0
Furniture/Cube Moves/Installations,2023-06-01,1625.0,7912.0,1625.0,-6287.0,0.0
Furniture/Cube Moves/Installations,2023-07-01,,7912.0,4532.0,,
Furniture/Cube Moves/Installations,2023-08-01,,7912.0,1171.0,,
Furniture/Cube Moves/Installations,2023-09-01,,7912.0,1316.0,,
Furniture/Cube Moves/Installations,2023-10-01,,7912.0,1609.0,,
Furniture/Cube Moves/Installations,2023-11-01,,7912.0,1266.0,,
Furniture/Cube Moves/Installations,2023-12-01,,7912.0,1686.0,,
Furniture/Cubicle Refurbish,2022-01-01,0.0,60.0,0.0,-60.0,0.0
Furniture/Cubicle Refurbish,2022-02-01,2318.62,0.0,2318.62,2318.62,0.0
Furniture/Cubicle Refurbish,2022-03-01,2745.37,0.0,2745.37,2745.37,0.0
Furniture/Cubicle Refurbish,2022-04-01,940.19,100.0,940.19,840.19,0.0
Furniture/Cubicle Refurbish,2022-05-01,1135.77,0.0,1135.77,1135.77,0.0
Furniture/Cubicle Refurbish,2022-06-01,0.0,17.76,0.0,-17.76,0.0
Furniture/Cubicle Refurbish,2022-07-01,1340.0,17.76,0.0,1322.24,1340.0
Furniture/Cubicle Refurbish,2022-08-01,-539.0,17.76,0.0,-556.76,-539.0
Furniture/Cubicle Refurbish,2022-09-01,5956.14,17.76,1951.14,5938.38,4005.0
Furniture/Cubicle Refurbish,2022-10-01,2791.5699999999997,68.88,1653.57,2722.6899999999996,1137.9999999999998
Furniture/Cubicle Refurbish,2022-11-01,-1850.81,17.76,551.19,-1868.57,-2402.0
Furniture/Cubicle Refurbish,2022-12-01,-1231.6999999999998,17.76,1030.3,-1249.4599999999998,-2262.0
Furniture/Cubicle Refurbish,2023-01-01,0.0,500.0,0.0,-500.0,0.0
Furniture/Cubicle Refurbish,2023-02-01,0.0,500.0,0.0,-500.0,0.0
Furniture/Cubicle Refurbish,2023-03-01,0.0,500.0,0.0,-500.0,0.0
Furniture/Cubicle Refurbish,2023-04-01,0.0,848.16,0.0,-848.16,0.0
Furniture/Cubicle Refurbish,2023-05-01,0.0,500.0,0.0,-500.0,0.0
Furniture/Cubicle Refurbish,2023-06-01,0.0,500.0,0.0,-500.0,0.0
Furniture/Cubicle Refurbish,2023-07-01,,500.0,0.0,,
Furniture/Cubicle Refurbish,2023-08-01,,500.0,-23.0,,
Furniture/Cubicle Refurbish,2023-09-01,,500.0,-138.0,,
Furniture/Cubicle Refurbish,2023-10-01,,848.0,88.0,,
Furniture/Cubicle Refurbish,2023-11-01,,500.0,263.0,,
Furniture/Cubicle Refurbish,2023-12-01,,500.0,-54.0,,
Gas,2022-01-01,3959.81,4749.78,3959.81,-789.9699999999998,0.0
Gas,2022-02-01,4359.21,3384.12,4359.21,975.0900000000001,0.0
Gas,2022-03-01,3502.41,2400.51,3502.41,1101.8999999999996,0.0
Gas,2022-04-01,2418.26,1643.54,2418.26,774.7200000000003,0.0
Gas,2022-05-01,1693.06,705.99,1693.06,987.0699999999999,0.0
Gas,2022-06-01,1634.44,973.34,1634.44,661.1,0.0
Gas,2022-07-01,2003.0299999999997,742.27,1388.03,1260.7599999999998,614.9999999999998
Gas,2022-08-01,-3711.38,1594.46,-1189.38,-5305.84,-2522.0
Gas,2022-09-01,5459.139999999999,2026.44,3518.14,3432.6999999999994,1940.9999999999995
Gas,2022-10-01,398.6500000000001,2701.89,-1260.35,-2303.24,1659.0
Gas,2022-11-01,2756.8,3285.42,4412.8,-528.6199999999999,-1656.0
Gas,2022-12-01,5120.05,5118.31,3514.05,1.7399999999997817,1606.0
Gas,2023-01-01,3745.78,4491.4,3745.78,-745.6199999999994,0.0
Gas,2023-02-01,3966.96,3574.11,3966.96,392.8499999999999,0.0
Gas,2023-03-01,3374.34,2471.55,3374.34,902.79,0.0
Gas,2023-04-01,2730.2,1726.31,2730.2,1003.8899999999999,0.0
Gas,2023-05-01,2303.23,1597.65,2303.23,705.5799999999999,0.0
Gas,2023-06-01,2271.0,937.0,2271.0,1334.0,0.0
Gas,2023-07-01,,1212.0,2105.0,,
Gas,2023-08-01,,1123.0,10713.0,,
Gas,2023-09-01,,1448.0,10866.0,,
Gas,2023-10-01,,1885.0,10735.0,,
Gas,2023-11-01,,3637.0,11101.0,,
Gas,2023-12-01,,4142.0,10117.0,,
Generator Maintenance,2022-01-01,0.0,0.0,0.0,0.0,0.0
Generator Maintenance,2022-02-01,0.0,2721.22,0.0,-2721.22,0.0
Generator Maintenance,2022-03-01,0.0,2379.83,0.0,-2379.83,0.0
Generator Maintenance,2022-04-01,0.0,0.0,0.0,0.0,0.0
Generator Maintenance,2022-05-01,0.0,2060.62,0.0,-2060.62,0.0
Generator Maintenance,2022-06-01,0.0,5.9,0.0,-5.9,0.0
Generator Maintenance,2022-07-01,-2632.0,1184.16,0.0,-3816.16,-2632.0
Generator Maintenance,2022-08-01,3495.0,2406.99,0.0,1088.0100000000002,3495.0
Generator Maintenance,2022-09-01,3033.5,1185.31,439.5,1848.19,2594.0
Generator Maintenance,2022-10-01,-376.0,0.0,0.0,-376.0,-376.0
Generator Maintenance,2022-11-01,-4197.0,1615.06,0.0,-5812.0599999999995,-4197.0
Generator Maintenance,2022-12-01,-746.0,1227.54,0.0,-1973.54,-746.0
Generator Maintenance,2023-01-01,0.0,0.0,0.0,0.0,0.0
Generator Maintenance,2023-02-01,1800.0,0.0,1800.0,1800.0,0.0
Generator Maintenance,2023-03-01,108.59,0.0,108.59,108.59,0.0
Generator Maintenance,2023-04-01,0.0,0.0,0.0,0.0,0.0
Generator Maintenance,2023-05-01,-0.59,0.0,-0.59,-0.59,0.0
Generator Maintenance,2023-06-01,0.0,0.0,0.0,0.0,0.0
Generator Maintenance,2023-07-01,,0.0,0.0,,
Generator Maintenance,2023-08-01,,0.0,344.0,,
Generator Maintenance,2023-09-01,,0.0,-204.0,,
Generator Maintenance,2023-10-01,,0.0,31.0,,
Generator Maintenance,2023-11-01,,0.0,96.0,,
Generator Maintenance,2023-12-01,,0.0,-57.0,,
HVAC Maintenance,2022-01-01,1297.0,6820.58,1297.0,-5523.58,0.0
HVAC Maintenance,2022-02-01,18125.56,18671.37,18125.56,-545.8099999999977,0.0
HVAC Maintenance,2022-03-01,5880.06,11134.75,5880.06,-5254.69,0.0
HVAC Maintenance,2022-04-01,9750.53,7740.0,9750.53,2010.5300000000007,0.0
HVAC Maintenance,2022-05-01,20615.75,4731.2,20615.75,15884.55,0.0
HVAC Maintenance,2022-06-01,-7404.58,7832.12,-7404.58,-15236.7,0.0
HVAC Maintenance,2022-07-01,10209.48,6181.53,11073.48,4027.95,-864.0
HVAC Maintenance,2022-08-01,9024.17,8146.2,8282.17,877.9700000000003,742.0
HVAC Maintenance,2022-09-01,5650.619999999999,6660.37,4547.62,-1009.7500000000009,1102.999999999999
HVAC Maintenance,2022-10-01,8274.81,6264.41,9584.81,2010.3999999999996,-1310.0
HVAC Maintenance,2022-11-01,8888.810000000001,9692.61,5175.81,-803.7999999999993,3713.000000000001
HVAC Maintenance,2022-12-01,9068.970000000001,5766.29,6841.97,3302.680000000001,2227.000000000001
HVAC Maintenance,2023-01-01,7649.25,14569.02,7649.25,-6919.77,0.0
HVAC Maintenance,2023-02-01,-2817.18,1691.47,-2817.18,-4508.65,0.0
HVAC Maintenance,2023-03-01,8044.9,4030.19,8044.9,4014.7099999999996,0.0
HVAC Maintenance,2023-04-01,-1962.37,4962.09,-1962.37,-6924.46,0.0
HVAC Maintenance,2023-05-01,6492.96,11621.5,6492.96,-5128.54,0.0
HVAC Maintenance,2023-06-01,3825.0,1691.0,3825.0,2134.0,0.0
HVAC Maintenance,2023-07-01,,14569.0,7582.0,,
HVAC Maintenance,2023-08-01,,1691.0,711.0,,
HVAC Maintenance,2023-09-01,,4030.0,-138.0,,
HVAC Maintenance,2023-10-01,,4962.0,-38.0,,
HVAC Maintenance,2023-11-01,,11622.0,205.0,,
HVAC Maintenance,2023-12-01,,1691.0,734.0,,
Housekeeping Supplies,2022-01-01,3826.85,6.6,3826.85,3820.25,0.0
Housekeeping Supplies,2022-02-01,1738.32,6.6,1738.32,1731.72,0.0
Housekeeping Supplies,2022-03-01,1366.8,6.6,1366.8,1360.2,0.0
Housekeeping Supplies,2022-04-01,1278.92,6.6,1278.92,1272.3200000000002,0.0
Housekeeping Supplies,2022-05-01,1640.44,6.6,1640.44,1633.8400000000001,0.0
Housekeeping Supplies,2022-06-01,1552.56,6.6,1552.56,1545.96,0.0
Housekeeping Supplies,2022-07-01,3862.5599999999995,6.6,1552.56,3855.9599999999996,2309.9999999999995
Housekeeping Supplies,2022-08-01,351.5599999999995,6.6,1552.56,344.95999999999947,-1201.0000000000005
Housekeeping Supplies,2022-09-01,5686.5599999999995,6.6,1552.56,5679.959999999999,4134.0
Housekeeping Supplies,2022-10-01,-1629.44,6.6,1552.56,-1636.04,-3182.0
Housekeeping Supplies,2022-11-01,-924.44,6.6,1552.56,-931.0400000000001,-2477.0
Housekeeping Supplies,2022-12-01,667.5599999999995,6.6,1552.56,660.9599999999995,-885.0000000000005
Housekeeping Supplies,2023-01-01,1552.56,2350.75,1552.56,-798.19,0.0
Housekeeping Supplies,2023-02-01,1552.56,2346.75,1552.56,-794.19,0.0
Housekeeping Supplies,2023-03-01,1553.04,2346.75,1553.04,-793.71,0.0
Housekeeping Supplies,2023-04-01,1552.56,2346.75,1552.56,-794.19,0.0
Housekeeping Supplies,2023-05-01,1552.08,2346.75,1552.08,-794.6700000000001,0.0
Housekeeping Supplies,2023-06-01,1555.0,2347.0,1555.0,-792.0,0.0
Housekeeping Supplies,2023-07-01,,2347.0,1549.0,,
Housekeeping Supplies,2023-08-01,,2347.0,-6958.0,,
Housekeeping Supplies,2023-09-01,,2347.0,-6545.0,,
Housekeeping Supplies,2023-10-01,,2347.0,-7650.0,,
Housekeeping Supplies,2023-11-01,,2347.0,-6059.0,,
Housekeeping Supplies,2023-12-01,,2347.0,-7338.0,,
IT Outside Services & Contracts,2022-01-01,0.0,0.0,0.0,0.0,0.0
IT Outside Services & Contracts,2022-02-01,0.0,0.0,0.0,0.0,0.0
IT Outside Services & Contracts,2022-03-01,0.0,0.0,0.0,0.0,0.0
IT Outside Services & Contracts,2022-04-01,0.0,0.0,0.0,0.0,0.0
IT Outside Services & Contracts,2022-05-01,0.0,0.0,0.0,0.0,0.0
IT Outside Services & Contracts,2022-06-01,0.0,0.0,0.0,0.0,0.0
IT Outside Services & Contracts,2022-07-01,1428.0,0.0,0.0,1428.0,1428.0
IT Outside Services & Contracts,2022-08-01,-409.0,0.0,0.0,-409.0,-409.0
IT Outside Services & Contracts,2022-09-01,206.0,0.0,0.0,206.0,206.0
IT Outside Services & Contracts,2022-10-01,-317.4200000000001,0.0,1526.58,-317.4200000000001,-1844.0
IT Outside Services & Contracts,2022-11-01,29.940000000000055,0.0,1611.94,29.940000000000055,-1582.0
IT Outside Services & Contracts,2022-12-01,46.26000000000022,0.0,1569.26,46.26000000000022,-1522.9999999999998
IT Outside Services & Contracts,2023-01-01,1570.73,1589.79,1570.73,-19.059999999999945,0.0
IT Outside Services & Contracts,2023-02-01,1582.05,1589.79,1582.05,-7.740000000000009,0.0
IT Outside Services & Contracts,2023-03-01,1603.33,1589.79,1603.33,13.539999999999964,0.0
IT Outside Services & Contracts,2023-04-01,1604.24,1589.79,1604.24,14.450000000000045,0.0
IT Outside Services & Contracts,2023-05-01,1605.44,1589.79,1605.44,15.650000000000091,0.0
IT Outside Services & Contracts,2023-06-01,1602.0,1590.0,1602.0,12.0,0.0
IT Outside Services & Contracts,2023-07-01,,1590.0,1603.0,,
IT Outside Services & Contracts,2023-08-01,,1590.0,207.0,,
IT Outside Services & Contracts,2023-09-01,,1590.0,617.0,,
IT Outside Services & Contracts,2023-10-01,,1590.0,813.0,,
IT Outside Services & Contracts,2023-11-01,,1590.0,615.0,,
IT Outside Services & Contracts,2023-12-01,,1590.0,1084.0,,
Janitorial Services,2022-01-01,12938.63,13401.86,12938.63,-463.2300000000014,0.0
Janitorial Services,2022-02-01,13144.77,13401.86,13144.77,-257.09000000000015,0.0
Janitorial Services,2022-03-01,50601.33,13401.86,50601.33,37199.47,0.0
Janitorial Services,2022-04-01,49279.66,13401.86,49279.66,35877.8,0.0
Janitorial Services,2022-05-01,34004.49,13401.86,34004.49,20602.629999999997,0.0
Janitorial Services,2022-06-01,34090.82,13401.86,34090.82,20688.96,0.0
Janitorial Services,2022-07-01,32214.82,13401.86,32182.82,18812.96,32.0
Janitorial Services,2022-08-01,30000.82,13401.86,32182.82,16598.96,-2182.0
Janitorial Services,2022-09-01,34390.82,13401.86,32182.82,20988.96,2208.0
Janitorial Services,2022-10-01,33105.19,13401.86,31086.19,19703.33,2019.0000000000036
Janitorial Services,2022-11-01,30519.19,13401.86,31086.19,17117.329999999998,-567.0
Janitorial Services,2022-12-01,32493.190000000002,13401.86,31086.19,19091.33,1407.0000000000036
Janitorial Services,2023-01-01,31086.19,31378.25,31086.19,-292.0600000000013,0.0
Janitorial Services,2023-02-01,31086.19,31378.25,31086.19,-292.0600000000013,0.0
Janitorial Services,2023-03-01,31095.72,31378.25,31095.72,-282.52999999999884,0.0
Janitorial Services,2023-04-01,31086.19,31378.25,31086.19,-292.0600000000013,0.0
Janitorial Services,2023-05-01,31076.66,31378.25,31076.66,-301.59000000000015,0.0
Janitorial Services,2023-06-01,31196.0,31378.0,31196.0,-182.0,0.0
Janitorial Services,2023-07-01,,31378.0,31107.0,,
Janitorial Services,2023-08-01,,31378.0,823.0,,
Janitorial Services,2023-09-01,,31378.0,633.0,,
Janitorial Services,2023-10-01,,31378.0,-555.0,,
Janitorial Services,2023-11-01,,31378.0,-157.0,,
Janitorial Services,2023-12-01,,31378.0,-81.0,,
Landscaping,2022-01-01,0.0,3661.5,0.0,-3661.5,0.0
Landscaping,2022-02-01,2014.0,0.0,2014.0,2014.0,0.0
Landscaping,2022-03-01,0.0,0.0,0.0,0.0,0.0
Landscaping,2022-04-01,400.0,0.0,400.0,400.0,0.0
Landscaping,2022-05-01,607.0,0.0,607.0,607.0,0.0
Landscaping,2022-06-01,0.0,0.0,0.0,0.0,0.0
Landscaping,2022-07-01,-782.0,1964.99,0.0,-2746.99,-782.0
Landscaping,2022-08-01,6316.33,0.0,7015.33,6316.33,-699.0
Landscaping,2022-09-01,2054.33,13898.09,2685.33,-11843.76,-631.0
Landscaping,2022-10-01,-912.3299999999999,225.0,335.67,-1137.33,-1248.0
Landscaping,2022-11-01,-4730.16,195.0,-1766.16,-4925.16,-2964.0
Landscaping,2022-12-01,-814.0,0.0,0.0,-814.0,-814.0
Landscaping,2023-01-01,83.92,0.0,83.92,83.92,0.0
Landscaping,2023-02-01,-335.67,1802.53,-335.67,-2138.2,0.0
Landscaping,2023-03-01,0.0,0.0,0.0,0.0,0.0
Landscaping,2023-04-01,2014.0,358.0,2014.0,1656.0,0.0
Landscaping,2023-05-01,0.0,543.27,0.0,-543.27,0.0
Landscaping,2023-06-01,2014.0,0.0,2014.0,2014.0,0.0
Landscaping,2023-07-01,,0.0,1007.0,,
Landscaping,2023-08-01,,1803.0,-477.0,,
Landscaping,2023-09-01,,0.0,-22.0,,
Landscaping,2023-10-01,,358.0,168.0,,
Landscaping,2023-11-01,,543.0,-212.0,,
Landscaping,2023-12-01,,0.0,792.0,,
Light Bulbs/Electrical Supp.,2022-01-01,0.0,0.0,0.0,0.0,0.0
Light Bulbs/Electrical Supp.,2022-02-01,0.0,0.0,0.0,0.0,0.0
Light Bulbs/Electrical Supp.,2022-03-01,1812.33,0.0,1812.33,1812.33,0.0
Light Bulbs/Electrical Supp.,2022-04-01,0.0,0.0,0.0,0.0,0.0
Light Bulbs/Electrical Supp.,2022-05-01,0.0,0.0,0.0,0.0,0.0
Light Bulbs/Electrical Supp.,2022-06-01,0.0,0.0,0.0,0.0,0.0
Light Bulbs/Electrical Supp.,2022-07-01,-1091.0,0.0,0.0,-1091.0,-1091.0
Light Bulbs/Electrical Supp.,2022-08-01,1970.0,0.0,0.0,1970.0,1970.0
Light Bulbs/Electrical Supp.,2022-09-01,-824.0,0.0,0.0,-824.0,-824.0
Light Bulbs/Electrical Supp.,2022-10-01,1064.0,0.0,0.0,1064.0,1064.0
Light Bulbs/Electrical Supp.,2022-11-01,2481.0,0.0,0.0,2481.0,2481.0
Light Bulbs/Electrical Supp.,2022-12-01,2507.0,0.0,0.0,2507.0,2507.0
Light Bulbs/Electrical Supp.,2023-01-01,0.0,0.0,0.0,0.0,0.0
Light Bulbs/Electrical Supp.,2023-02-01,0.0,0.0,0.0,0.0,0.0
Light Bulbs/Electrical Supp.,2023-03-01,0.0,1622.04,0.0,-1622.04,0.0
Light Bulbs/Electrical Supp.,2023-04-01,0.0,0.0,0.0,0.0,0.0
Light Bulbs/Electrical Supp.,2023-05-01,0.0,0.0,0.0,0.0,0.0
Light Bulbs/Electrical Supp.,2023-06-01,0.0,0.0,0.0,0.0,0.0
Light Bulbs/Electrical Supp.,2023-07-01,,0.0,0.0,,
Light Bulbs/Electrical Supp.,2023-08-01,,0.0,168934.0,,
Light Bulbs/Electrical Supp.,2023-09-01,,1622.0,169312.0,,
Light Bulbs/Electrical Supp.,2023-10-01,,0.0,169245.0,,
Light Bulbs/Electrical Supp.,2023-11-01,,0.0,168673.0,,
Light Bulbs/Electrical Supp.,2023-12-01,,0.0,169131.0,,
Misc R&M,2022-01-01,13221.65,32320.98,13221.65,-19099.33,0.0
Misc R&M,2022-02-01,11839.63,32320.98,11839.63,-20481.35,0.0
Misc R&M,2022-03-01,13442.56,32320.98,13442.56,-18878.42,0.0
Misc R&M,2022-04-01,17671.6,32320.98,17671.6,-14649.380000000001,0.0
Misc R&M,2022-05-01,15539.5,32320.98,15539.5,-16781.48,0.0
Misc R&M,2022-06-01,14721.45,32320.98,14721.45,-17599.53,0.0
Misc R&M,2022-07-01,16591.76,32320.98,17473.76,-15729.220000000001,-882.0
Misc R&M,2022-08-01,15583.650000000001,32320.98,15351.65,-16737.329999999998,232.00000000000182
Misc R&M,2022-09-01,15777.63,32320.98,11362.63,-16543.35,4415.0
Misc R&M,2022-10-01,34766.92,32320.98,32826.92,2445.9399999999987,1940.0
Misc R&M,2022-11-01,21833.66,32320.98,22665.66,-10487.32,-832.0
Misc R&M,2022-12-01,33037.11,32320.98,29915.11,716.130000000001,3122.0
Misc R&M,2023-01-01,18930.62,16686.57,18930.62,2244.0499999999993,0.0
Misc R&M,2023-02-01,16625.19,16676.73,16625.19,-51.54000000000087,0.0
Misc R&M,2023-03-01,16540.31,16674.73,16540.31,-134.41999999999825,0.0
Misc R&M,2023-04-01,16956.92,16704.33,16956.92,252.5899999999965,0.0
Misc R&M,2023-05-01,19564.73,16675.49,19564.73,2889.239999999998,0.0
Misc R&M,2023-06-01,17238.0,16670.0,17238.0,568.0,0.0
Misc R&M,2023-07-01,,16687.0,15230.0,,
Misc R&M,2023-08-01,,16677.0,451.0,,
Misc R&M,2023-09-01,,16675.0,16.0,,
Misc R&M,2023-10-01,,16704.0,-538.0,,
Misc R&M,2023-11-01,,16675.0,652.0,,
Misc R&M,2023-12-01,,16670.0,-72.0,,
Multimedia AV Repairs,2022-01-01,0.0,500.0,0.0,-500.0,0.0
Multimedia AV Repairs,2022-02-01,0.0,500.0,0.0,-500.0,0.0
Multimedia AV Repairs,2022-03-01,0.0,500.0,0.0,-500.0,0.0
Multimedia AV Repairs,2022-04-01,0.0,500.0,0.0,-500.0,0.0
Multimedia AV Repairs,2022-05-01,0.0,500.0,0.0,-500.0,0.0
Multimedia AV Repairs,2022-06-01,0.0,500.0,0.0,-500.0,0.0
Multimedia AV Repairs,2022-07-01,-425.0,500.0,0.0,-925.0,-425.0
Multimedia AV Repairs,2022-08-01,-1341.0,500.0,0.0,-1841.0,-1341.0
Multimedia AV Repairs,2022-09-01,-3045.0,500.0,0.0,-3545.0,-3045.0
Multimedia AV Repairs,2022-10-01,2047.0,500.0,0.0,1547.0,2047.0
Multimedia AV Repairs,2022-11-01,3679.0,500.0,0.0,3179.0,3679.0
Multimedia AV Repairs,2022-12-01,-1763.0,500.0,0.0,-2263.0,-1763.0
Multimedia AV Repairs,2023-01-01,0.0,0.0,0.0,0.0,0.0
Multimedia AV Repairs,2023-02-01,0.0,0.0,0.0,0.0,0.0
Multimedia AV Repairs,2023-03-01,3464.99,2000.0,3464.99,1464.9899999999998,0.0
Multimedia AV Repairs,2023-04-01,0.0,0.0,0.0,0.0,0.0
Multimedia AV Repairs,2023-05-01,0.0,0.0,0.0,0.0,0.0
Multimedia AV Repairs,2023-06-01,0.0,2000.0,0.0,-2000.0,0.0
Multimedia AV Repairs,2023-07-01,,0.0,0.0,,
Multimedia AV Repairs,2023-08-01,,0.0,41.0,,
Multimedia AV Repairs,2023-09-01,,2000.0,-632.0,,
Multimedia AV Repairs,2023-10-01,,0.0,-69.0,,
Multimedia AV Repairs,2023-11-01,,0.0,-408.0,,
Multimedia AV Repairs,2023-12-01,,2000.0,-7.0,,
Other General Supplies,2022-01-01,0.0,100.0,0.0,-100.0,0.0
Other General Supplies,2022-02-01,49.04,100.0,49.04,-50.96,0.0
Other General Supplies,2022-03-01,0.0,100.0,0.0,-100.0,0.0
Other General Supplies,2022-04-01,0.0,100.0,0.0,-100.0,0.0
Other General Supplies,2022-05-01,53.42,100.0,53.42,-46.58,0.0
Other General Supplies,2022-06-01,73.19,100.0,73.19,-26.810000000000002,0.0
Other General Supplies,2022-07-01,1498.0,100.0,0.0,1398.0,1498.0
Other General Supplies,2022-08-01,370.0,100.0,0.0,270.0,370.0
Other General Supplies,2022-09-01,2337.6400000000003,100.0,370.64,2237.6400000000003,1967.0000000000005
Other General Supplies,2022-10-01,939.24,100.0,409.24,839.24,530.0
Other General Supplies,2022-11-01,-1653.51,100.0,8.49,-1753.51,-1662.0
Other General Supplies,2022-12-01,1641.0,100.0,0.0,1541.0,1641.0
Other General Supplies,2023-01-01,0.0,0.0,0.0,0.0,0.0
Other General Supplies,2023-02-01,0.0,43.86,0.0,-43.86,0.0
Other General Supplies,2023-03-01,969.27,0.0,969.27,969.27,0.0
Other General Supplies,2023-04-01,294.27,0.0,294.27,294.27,0.0
Other General Supplies,2023-05-01,-0.3,47.81,-0.3,-48.11,0.0
Other General Supplies,2023-06-01,0.0,66.0,0.0,-66.0,0.0
Other General Supplies,2023-07-01,,0.0,0.0,,
Other General Supplies,2023-08-01,,44.0,7525.0,,
Other General Supplies,2023-09-01,,0.0,8259.0,,
Other General Supplies,2023-10-01,,0.0,8274.0,,
Other General Supplies,2023-11-01,,48.0,8475.0,,
Other General Supplies,2023-12-01,,66.0,8751.0,,
Other Parking Revenue,2022-01-01,-1921.04,-2800.0,-1921.04,878.96,0.0
Other Parking Revenue,2022-02-01,-2190.36,-2800.0,-2190.36,609.6399999999999,0.0
Other Parking Revenue,2022-03-01,-2417.98,-2800.0,-2417.98,382.02,0.0
Other Parking Revenue,2022-04-01,-2585.13,-2800.0,-2585.13,214.8699999999999,0.0
Other Parking Revenue,2022-05-01,-2745.89,-2800.0,-2745.89,54.11000000000013,0.0
Other Parking Revenue,2022-06-01,-531.55,-2800.0,-531.55,2268.45,0.0
Other Parking Revenue,2022-07-01,-2417.92,-2800.0,-3342.92,382.0799999999999,925.0
Other Parking Revenue,2022-08-01,184.67999999999984,-2800.0,-2269.32,2984.68,2454.0
Other Parking Revenue,2022-09-01,-6642.1,-2800.0,-2255.1,-3842.1000000000004,-4387.0
Other Parking Revenue,2022-10-01,-2773.22,-2800.0,-2579.22,26.7800000000002,-194.0
Other Parking Revenue,2022-11-01,-6589.360000000001,-2800.0,-2634.36,-3789.3600000000006,-3955.0000000000005
Other Parking Revenue,2022-12-01,718.97,-2800.0,-2021.03,3518.9700000000003,2740.0
Other Parking Revenue,2023-01-01,-1915.86,-2800.0,-1915.86,884.1400000000001,0.0
Other Parking Revenue,2023-02-01,-2312.74,-2800.0,-2312.74,487.2600000000002,0.0
Other Parking Revenue,2023-03-01,-949.82,-2800.0,-949.82,1850.1799999999998,0.0
Other Parking Revenue,2023-04-01,-566.04,-2800.0,-566.04,2233.96,0.0
Other Parking Revenue,2023-05-01,-547.49,-2800.0,-547.49,2252.51,0.0
Other Parking Revenue,2023-06-01,-535.0,-2800.0,-535.0,2265.0,0.0
Other Parking Revenue,2023-07-01,,-2800.0,-523.0,,
Other Parking Revenue,2023-08-01,,-2800.0,879.0,,
Other Parking Revenue,2023-09-01,,-2800.0,1099.0,,
Other Parking Revenue,2023-10-01,,-2800.0,970.0,,
Other Parking Revenue,2023-11-01,,-2800.0,1268.0,,
Other Parking Revenue,2023-12-01,,-2800.0,841.0,,
Other Utilities (Not Phones),2022-01-01,143.45,150.0,143.45,-6.550000000000011,0.0
Other Utilities (Not Phones),2022-02-01,0.0,150.0,0.0,-150.0,0.0
Other Utilities (Not Phones),2022-03-01,143.45,150.0,143.45,-6.550000000000011,0.0
Other Utilities (Not Phones),2022-04-01,167.47,150.0,167.47,17.47,0.0
Other Utilities (Not Phones),2022-05-01,78.14,150.0,78.14,-71.86,0.0
Other Utilities (Not Phones),2022-06-01,109.41,150.0,109.41,-40.59,0.0
Other Utilities (Not Phones),2022-07-01,746.4099999999999,150.0,109.41,596.4099999999999,636.9999999999999
Other Utilities (Not Phones),2022-08-01,665.4099999999999,150.0,109.41,515.4099999999999,555.9999999999999
Other Utilities (Not Phones),2022-09-01,-1253.59,150.0,109.41,-1403.59,-1363.0
Other Utilities (Not Phones),2022-10-01,174.98999999999978,150.0,110.99,24.98999999999978,63.99999999999979
Other Utilities (Not Phones),2022-11-01,-1010.1100000000001,150.0,167.89,-1160.1100000000001,-1178.0
Other Utilities (Not Phones),2022-12-01,-1077.1100000000001,150.0,167.89,-1227.1100000000001,-1245.0
Other Utilities (Not Phones),2023-01-01,169.81,140.0,169.81,29.810000000000002,0.0
Other Utilities (Not Phones),2023-02-01,169.81,140.0,169.81,29.810000000000002,0.0
Other Utilities (Not Phones),2023-03-01,169.81,140.0,169.81,29.810000000000002,0.0
Other Utilities (Not Phones),2023-04-01,169.81,140.0,169.81,29.810000000000002,0.0
Other Utilities (Not Phones),2023-05-01,169.81,140.0,169.81,29.810000000000002,0.0
Other Utilities (Not Phones),2023-06-01,170.0,140.0,170.0,30.0,0.0
Other Utilities (Not Phones),2023-07-01,,140.0,170.0,,
Other Utilities (Not Phones),2023-08-01,,140.0,770.0,,
Other Utilities (Not Phones),2023-09-01,,140.0,241.0,,
Other Utilities (Not Phones),2023-10-01,,140.0,485.0,,
Other Utilities (Not Phones),2023-11-01,,140.0,505.0,,
Other Utilities (Not Phones),2023-12-01,,140.0,713.0,,
Parking Lot Maintenance,2022-01-01,457.5,2540.0,457.5,-2082.5,0.0
Parking Lot Maintenance,2022-02-01,0.0,0.0,0.0,0.0,0.0
Parking Lot Maintenance,2022-03-01,0.0,0.0,0.0,0.0,0.0
Parking Lot Maintenance,2022-04-01,0.0,0.0,0.0,0.0,0.0
Parking Lot Maintenance,2022-05-01,0.0,0.0,0.0,0.0,0.0
Parking Lot Maintenance,2022-06-01,0.0,0.0,0.0,0.0,0.0
Parking Lot Maintenance,2022-07-01,-428.0,0.0,0.0,-428.0,-428.0
Parking Lot Maintenance,2022-08-01,-1270.0,0.0,0.0,-1270.0,-1270.0
Parking Lot Maintenance,2022-09-01,-3767.0,0.0,0.0,-3767.0,-3767.0
Parking Lot Maintenance,2022-10-01,3992.0,0.0,0.0,3992.0,3992.0
Parking Lot Maintenance,2022-11-01,1896.0,0.0,0.0,1896.0,1896.0
Parking Lot Maintenance,2022-12-01,545.0,0.0,0.0,545.0,545.0
Parking Lot Maintenance,2023-01-01,0.0,409.91,0.0,-409.91,0.0
Parking Lot Maintenance,2023-02-01,0.0,0.0,0.0,0.0,0.0
Parking Lot Maintenance,2023-03-01,0.0,0.0,0.0,0.0,0.0
Parking Lot Maintenance,2023-04-01,0.0,0.0,0.0,0.0,0.0
Parking Lot Maintenance,2023-05-01,0.0,0.0,0.0,0.0,0.0
Parking Lot Maintenance,2023-06-01,0.0,0.0,0.0,0.0,0.0
Parking Lot Maintenance,2023-07-01,,410.0,0.0,,
Parking Lot Maintenance,2023-08-01,,0.0,251.0,,
Parking Lot Maintenance,2023-09-01,,0.0,-498.0,,
Parking Lot Maintenance,2023-10-01,,0.0,-197.0,,
Parking Lot Maintenance,2023-11-01,,0.0,12.0,,
Parking Lot Maintenance,2023-12-01,,0.0,-649.0,,
Plumbing Work,2022-01-01,108.0,568.57,108.0,-460.57000000000005,0.0
Plumbing Work,2022-02-01,73.56,2128.13,73.56,-2054.57,0.0
Plumbing Work,2022-03-01,2075.48,1406.88,2075.48,668.5999999999999,0.0
Plumbing Work,2022-04-01,923.22,2927.85,923.22,-2004.6299999999999,0.0
Plumbing Work,2022-05-01,1000.0,3602.98,1000.0,-2602.98,0.0
Plumbing Work,2022-06-01,0.0,1438.29,0.0,-1438.29,0.0
Plumbing Work,2022-07-01,-1198.0,1126.94,-930.0,-2324.94,-268.0
Plumbing Work,2022-08-01,931.3899999999994,1778.57,2854.39,-847.1800000000005,-1923.0000000000005
Plumbing Work,2022-09-01,-1763.0,1854.29,367.0,-3617.29,-2130.0
Plumbing Work,2022-10-01,25910.68,1382.44,28767.68,24528.24,-2857.0
Plumbing Work,2022-11-01,325.0,1778.57,0.0,-1453.57,325.0
Plumbing Work,2022-12-01,2892.0,552.29,0.0,2339.71,2892.0
Plumbing Work,2023-01-01,-26605.0,231.81,-26605.0,-26836.81,0.0
Plumbing Work,2023-02-01,0.0,66.23,0.0,-66.23,0.0
Plumbing Work,2023-03-01,453.02,2305.05,453.02,-1852.0300000000002,0.0
Plumbing Work,2023-04-01,1556.56,826.28,1556.56,730.28,0.0
Plumbing Work,2023-05-01,-502.29,895.0,-502.29,-1397.29,0.0
Plumbing Work,2023-06-01,0.0,0.0,0.0,0.0,0.0
Plumbing Work,2023-07-01,,232.0,0.0,,
Plumbing Work,2023-08-01,,66.0,-120.0,,
Plumbing Work,2023-09-01,,2305.0,-166.0,,
Plumbing Work,2023-10-01,,826.0,269.0,,
Plumbing Work,2023-11-01,,895.0,-845.0,,
Plumbing Work,2023-12-01,,0.0,328.0,,
Property Insurance,2022-01-01,2211.42,2243.96,2211.42,-32.539999999999964,0.0
Property Insurance,2022-02-01,2211.42,2243.96,2211.42,-32.539999999999964,0.0
Property Insurance,2022-03-01,2211.42,2243.96,2211.42,-32.539999999999964,0.0
Property Insurance,2022-04-01,2211.42,2243.96,2211.42,-32.539999999999964,0.0
Property Insurance,2022-05-01,2211.42,2243.96,2211.42,-32.539999999999964,0.0
Property Insurance,2022-06-01,2211.42,2243.96,2211.42,-32.539999999999964,0.0
Property Insurance,2022-07-01,2737.42,2243.96,2211.42,493.46000000000004,526.0
Property Insurance,2022-08-01,1558.42,2243.96,2211.42,-685.54,-653.0
Property Insurance,2022-09-01,-1472.58,2243.96,2211.42,-3716.54,-3684.0
Property Insurance,2022-10-01,5370.42,2243.96,2211.42,3126.46,3159.0
Property Insurance,2022-11-01,1938.42,2243.96,2211.42,-305.53999999999996,-273.0
Property Insurance,2022-12-01,1718.49,2243.96,-1185.51,-525.47,2904.0
Property Insurance,2023-01-01,2275.32,2243.96,2275.32,31.360000000000127,0.0
Property Insurance,2023-02-01,2276.51,2243.96,2276.51,32.55000000000018,0.0
Property Insurance,2023-03-01,2276.51,2243.96,2276.51,32.55000000000018,0.0
Property Insurance,2023-04-01,2276.51,2243.96,2276.51,32.55000000000018,0.0
Property Insurance,2023-05-01,7333.33,2243.96,7333.33,5089.37,0.0
Property Insurance,2023-06-01,2350.0,2244.0,2350.0,106.0,0.0
Property Insurance,2023-07-01,,2244.0,2350.0,,
Property Insurance,2023-08-01,,2244.0,769.0,,
Property Insurance,2023-09-01,,2244.0,1358.0,,
Property Insurance,2023-10-01,,2244.0,1225.0,,
Property Insurance,2023-11-01,,2244.0,858.0,,
Property Insurance,2023-12-01,,2244.0,1337.0,,
Property Premium - Insurance,2022-01-01,421.92,568.66,421.92,-146.73999999999995,0.0
Property Premium - Insurance,2022-02-01,421.92,568.66,421.92,-146.73999999999995,0.0
Property Premium - Insurance,2022-03-01,421.92,568.66,421.92,-146.73999999999995,0.0
Property Premium - Insurance,2022-04-01,421.92,568.66,421.92,-146.73999999999995,0.0
Property Premium - Insurance,2022-05-01,421.92,568.66,421.92,-146.73999999999995,0.0
Property Premium - Insurance,2022-06-01,421.92,533.19,421.92,-111.27000000000004,0.0
Property Premium - Insurance,2022-07-01,439.9200000000001,533.19,421.92,-93.26999999999998,18.000000000000057
Property Premium - Insurance,2022-08-01,-2248.08,533.19,421.92,-2781.27,-2670.0
Property Premium - Insurance,2022-09-01,367.9200000000001,533.19,421.92,-165.26999999999998,-53.99999999999994
Property Premium - Insurance,2022-10-01,2472.92,533.19,421.92,1939.73,2051.0
Property Premium - Insurance,2022-11-01,-1963.08,533.19,421.92,-2496.27,-2385.0
Property Premium - Insurance,2022-12-01,-956.0799999999999,533.19,421.92,-1489.27,-1378.0
Property Premium - Insurance,2023-01-01,547.55,568.66,547.55,-21.110000000000014,0.0
Property Premium - Insurance,2023-02-01,547.55,568.66,547.55,-21.110000000000014,0.0
Property Premium - Insurance,2023-03-01,547.55,568.66,547.55,-21.110000000000014,0.0
Property Premium - Insurance,2023-04-01,547.55,568.66,547.55,-21.110000000000014,0.0
Property Premium - Insurance,2023-05-01,443.25,568.66,443.25,-125.40999999999997,0.0
Property Premium - Insurance,2023-06-01,443.0,533.0,443.0,-90.0,0.0
Property Premium - Insurance,2023-07-01,,533.0,443.0,,
Property Premium - Insurance,2023-08-01,,533.0,8034.0,,
Property Premium - Insurance,2023-09-01,,533.0,7452.0,,
Property Premium - Insurance,2023-10-01,,533.0,6902.0,,
Property Premium - Insurance,2023-11-01,,533.0,7798.0,,
Property Premium - Insurance,2023-12-01,,533.0,7443.0,,
Property Tax For Leased Facilities,2022-01-01,5050.0,5500.0,5050.0,-450.0,0.0
Property Tax For Leased Facilities,2022-02-01,5050.0,5500.0,5050.0,-450.0,0.0
Property Tax For Leased Facilities,2022-03-01,5050.0,5500.0,5050.0,-450.0,0.0
Property Tax For Leased Facilities,2022-04-01,5050.0,5500.0,5050.0,-450.0,0.0
Property Tax For Leased Facilities,2022-05-01,5050.0,5500.0,5050.0,-450.0,0.0
Property Tax For Leased Facilities,2022-06-01,5050.0,5500.0,5050.0,-450.0,0.0
Property Tax For Leased Facilities,2022-07-01,5052.0,5500.0,5050.0,-448.0,2.0
Property Tax For Leased Facilities,2022-08-01,8977.0,5500.0,5050.0,3477.0,3927.0
Property Tax For Leased Facilities,2022-09-01,1470.0,5500.0,5050.0,-4030.0,-3580.0
Property Tax For Leased Facilities,2022-10-01,1390.0,5500.0,5050.0,-4110.0,-3660.0
Property Tax For Leased Facilities,2022-11-01,2280.0,5500.0,5050.0,-3220.0,-2770.0
Property Tax For Leased Facilities,2022-12-01,-7088.23,5500.0,-8425.23,-12588.23,1337.0
Property Tax For Leased Facilities,2023-01-01,4830.0,5050.0,4830.0,-220.0,0.0
Property Tax For Leased Facilities,2023-02-01,4830.0,5050.0,4830.0,-220.0,0.0
Property Tax For Leased Facilities,2023-03-01,4830.0,5050.0,4830.0,-220.0,0.0
Property Tax For Leased Facilities,2023-04-01,4830.0,5050.0,4830.0,-220.0,0.0
Property Tax For Leased Facilities,2023-05-01,4830.0,5050.0,4830.0,-220.0,0.0
Property Tax For Leased Facilities,2023-06-01,4830.0,5050.0,4830.0,-220.0,0.0
Property Tax For Leased Facilities,2023-07-01,,5050.0,4830.0,,
Property Tax For Leased Facilities,2023-08-01,,5050.0,3139.0,,
Property Tax For Leased Facilities,2023-09-01,,5050.0,3763.0,,
Property Tax For Leased Facilities,2023-10-01,,5050.0,2833.0,,
Property Tax For Leased Facilities,2023-11-01,,5050.0,3104.0,,
Property Tax For Leased Facilities,2023-12-01,,5050.0,3089.0,,
Property Tax for Owned Real Property,2022-01-01,13590.0,13390.0,13590.0,200.0,0.0
Property Tax for Owned Real Property,2022-02-01,13590.0,13390.0,13590.0,200.0,0.0
Property Tax for Owned Real Property,2022-03-01,13590.0,13390.0,13590.0,200.0,0.0
Property Tax for Owned Real Property,2022-04-01,13590.0,13390.0,13590.0,200.0,0.0
Property Tax for Owned Real Property,2022-05-01,13590.0,13390.0,13590.0,200.0,0.0
Property Tax for Owned Real Property,2022-06-01,13590.0,13390.0,13590.0,200.0,0.0
Property Tax for Owned Real Property,2022-07-01,11593.0,13390.0,13590.0,-1797.0,-1997.0
Property Tax for Owned Real Property,2022-08-01,14123.0,13390.0,13590.0,733.0,533.0
Property Tax for Owned Real Property,2022-09-01,16588.0,13390.0,13590.0,3198.0,2998.0
Property Tax for Owned Real Property,2022-10-01,11462.0,13390.0,13590.0,-1928.0,-2128.0
Property Tax for Owned Real Property,2022-11-01,16036.0,13390.0,13590.0,2646.0,2446.0
Property Tax for Owned Real Property,2022-12-01,9360.0,13390.0,13590.0,-4030.0,-4230.0
Property Tax for Owned Real Property,2023-01-01,13590.0,13590.0,13590.0,0.0,0.0
Property Tax for Owned Real Property,2023-02-01,13590.0,13590.0,13590.0,0.0,0.0
Property Tax for Owned Real Property,2023-03-01,13590.0,13590.0,13590.0,0.0,0.0
Property Tax for Owned Real Property,2023-04-01,13590.0,13590.0,13590.0,0.0,0.0
Property Tax for Owned Real Property,2023-05-01,13590.0,13590.0,13590.0,0.0,0.0
Property Tax for Owned Real Property,2023-06-01,13590.0,13590.0,13590.0,0.0,0.0
Property Tax for Owned Real Property,2023-07-01,,13590.0,13590.0,,
Property Tax for Owned Real Property,2023-08-01,,13590.0,15043.0,,
Property Tax for Owned Real Property,2023-09-01,,13590.0,15317.0,,
Property Tax for Owned Real Property,2023-10-01,,13590.0,14559.0,,
Property Tax for Owned Real Property,2023-11-01,,13590.0,15065.0,,
Property Tax for Owned Real Property,2023-12-01,,13590.0,15436.0,,
Snow Removal,2022-01-01,0.0,500.0,0.0,-500.0,0.0
Snow Removal,2022-02-01,3248.64,500.0,3248.64,2748.64,0.0
Snow Removal,2022-03-01,1412.45,729.38,1412.45,683.07,0.0
Snow Removal,2022-04-01,0.0,0.0,0.0,0.0,0.0
Snow Removal,2022-05-01,0.0,0.0,0.0,0.0,0.0
Snow Removal,2022-06-01,0.0,0.0,0.0,0.0,0.0
Snow Removal,2022-07-01,-3257.0,0.0,0.0,-3257.0,-3257.0
Snow Removal,2022-08-01,-3052.0,0.0,0.0,-3052.0,-3052.0
Snow Removal,2022-09-01,-3138.0,0.0,0.0,-3138.0,-3138.0
Snow Removal,2022-10-01,52.0,0.0,0.0,52.0,52.0
Snow Removal,2022-11-01,1136.0,443.95,0.0,692.05,1136.0
Snow Removal,2022-12-01,-2682.82,443.95,873.18,-3126.77,-3556.0
Snow Removal,2023-01-01,2234.39,0.0,2234.39,2234.39,0.0
Snow Removal,2023-02-01,2320.0,2907.86,2320.0,-587.8600000000001,0.0
Snow Removal,2023-03-01,-658.48,1264.14,-658.48,-1922.6200000000001,0.0
Snow Removal,2023-04-01,0.0,0.0,0.0,0.0,0.0
Snow Removal,2023-05-01,-0.41,0.0,-0.41,-0.41,0.0
Snow Removal,2023-06-01,0.0,0.0,0.0,0.0,0.0
Snow Removal,2023-07-01,,0.0,0.0,,
Snow Removal,2023-08-01,,2908.0,-130.0,,
Snow Removal,2023-09-01,,1264.0,-269.0,,
Snow Removal,2023-10-01,,0.0,-172.0,,
Snow Removal,2023-11-01,,0.0,133.0,,
Snow Removal,2023-12-01,,0.0,-72.0,,
Tenant Leases,2022-01-01,-6519.33,-6519.33,-6519.33,0.0,0.0
Tenant Leases,2022-02-01,-6519.33,-6519.33,-6519.33,0.0,0.0
Tenant Leases,2022-03-01,-6519.33,-6519.33,-6519.33,0.0,0.0
Tenant Leases,2022-04-01,-6682.31,-6682.31,-6682.31,0.0,0.0
Tenant Leases,2022-05-01,-6682.31,-6682.31,-6682.31,0.0,0.0
Tenant Leases,2022-06-01,-6682.31,-6682.31,-6682.31,0.0,0.0
Tenant Leases,2022-07-01,-4676.31,-6682.31,-6682.31,2006.0,2006.0
Tenant Leases,2022-08-01,-8874.310000000001,-6682.31,-6682.31,-2192.000000000001,-2192.000000000001
Tenant Leases,2022-09-01,-7147.31,-6682.31,-6682.31,-465.0,-465.0
Tenant Leases,2022-10-01,-4872.31,-6682.31,-6682.31,1810.0,1810.0
Tenant Leases,2022-11-01,-6071.31,-6682.31,-6682.31,611.0,611.0
Tenant Leases,2022-12-01,-7201.31,-6682.31,-6682.31,-519.0,-519.0
Tenant Leases,2023-01-01,-6682.31,-6682.31,-6682.31,0.0,0.0
Tenant Leases,2023-02-01,-6682.31,-6682.31,-6682.31,0.0,0.0
Tenant Leases,2023-03-01,-6682.31,-6682.31,-6682.31,0.0,0.0
Tenant Leases,2023-04-01,-6849.37,-6849.37,-6849.37,0.0,0.0
Tenant Leases,2023-05-01,-6849.37,-6849.37,-6849.37,0.0,0.0
Tenant Leases,2023-06-01,-6849.0,-6849.0,-6849.0,0.0,0.0
Tenant Leases,2023-07-01,,-6849.0,-6849.0,,
Tenant Leases,2023-08-01,,-6849.0,35406.0,,
Tenant Leases,2023-09-01,,-6849.0,35130.0,,
Tenant Leases,2023-10-01,,-6849.0,35959.0,,
Tenant Leases,2023-11-01,,-6849.0,35531.0,,
Tenant Leases,2023-12-01,,-6849.0,35607.0,,
Waste Management,2022-01-01,0.0,239.08,0.0,-239.08,0.0
Waste Management,2022-02-01,239.08,244.54,239.08,-5.4599999999999795,0.0
Waste Management,2022-03-01,119.54,116.81,119.54,2.730000000000004,0.0
Waste Management,2022-04-01,119.54,135.92,119.54,-16.37999999999998,0.0
Waste Management,2022-05-01,119.54,119.54,119.54,0.0,0.0
Waste Management,2022-06-01,119.54,130.67,119.54,-11.129999999999981,0.0
Waste Management,2022-07-01,1378.54,129.82,119.54,1248.72,1259.0
Waste Management,2022-08-01,-1756.46,190.85,119.54,-1947.31,-1876.0
Waste Management,2022-09-01,-4273.46,130.67,119.54,-4404.13,-4393.0
Waste Management,2022-10-01,2030.54,129.41,119.54,1901.1299999999999,1911.0
Waste Management,2022-11-01,-106.46000000000004,131.08,119.54,-237.54000000000005,-226.00000000000006
Waste Management,2022-12-01,-755.46,72.29,119.54,-827.75,-875.0
Waste Management,2023-01-01,119.54,106.99,119.54,12.550000000000011,0.0
Waste Management,2023-02-01,119.54,106.99,119.54,12.550000000000011,0.0
Waste Management,2023-03-01,119.58,106.99,119.58,12.590000000000003,0.0
Waste Management,2023-04-01,119.54,106.99,119.54,12.550000000000011,0.0
Waste Management,2023-05-01,47.12,106.99,47.12,-59.87,0.0
Waste Management,2023-06-01,120.0,107.0,120.0,13.0,0.0
Waste Management,2023-07-01,,107.0,120.0,,
Waste Management,2023-08-01,,107.0,3180.0,,
Waste Management,2023-09-01,,107.0,1741.0,,
Waste Management,2023-10-01,,107.0,2425.0,,
Waste Management,2023-11-01,,107.0,1900.0,,
Waste Management,2023-12-01,,107.0,2505.0,,
Water/Sewer,2022-01-01,1292.11,0.0,1292.11,1292.11,0.0
Water/Sewer,2022-02-01,0.0,2995.02,0.0,-2995.02,0.0
Water/Sewer,2022-03-01,2061.25,0.0,2061.25,2061.25,0.0
Water/Sewer,2022-04-01,0.0,3304.89,0.0,-3304.89,0.0
Water/Sewer,2022-05-01,2592.08,0.0,2592.08,2592.08,0.0
Water/Sewer,2022-06-01,0.0,6739.47,0.0,-6739.47,0.0
Water/Sewer,2022-07-01,2145.84,0.0,5236.84,2145.84,-3091.0
Water/Sewer,2022-08-01,-148.0,6378.89,0.0,-6526.89,-148.0
Water/Sewer,2022-09-01,6418.35,0.0,6522.35,6418.35,-104.0
Water/Sewer,2022-10-01,-1265.0,5324.68,0.0,-6589.68,-1265.0
Water/Sewer,2022-11-01,7666.92,0.0,5811.92,7666.92,1855.0
Water/Sewer,2022-12-01,3798.0,4798.16,0.0,-1000.1599999999999,3798.0
Water/Sewer,2023-01-01,3532.3,0.0,3532.3,3532.3,0.0
Water/Sewer,2023-02-01,0.0,1805.37,0.0,-1805.37,0.0
Water/Sewer,2023-03-01,4257.17,0.0,4257.17,4257.17,0.0
Water/Sewer,2023-04-01,0.0,2306.14,0.0,-2306.14,0.0
Water/Sewer,2023-05-01,2748.9,0.0,2748.9,2748.9,0.0
Water/Sewer,2023-06-01,0.0,6153.0,0.0,-6153.0,0.0
Water/Sewer,2023-07-01,,0.0,0.0,,
Water/Sewer,2023-08-01,,5401.0,1290.0,,
Water/Sewer,2023-09-01,,0.0,2127.0,,
Water/Sewer,2023-10-01,,1955.0,1780.0,,
Water/Sewer,2023-11-01,,0.0,2602.0,,
Water/Sewer,2023-12-01,,1383.0,2798.0,,
Window Cleaning,2022-01-01,2063.82,1400.0,2063.82,663.8200000000002,0.0
Window Cleaning,2022-02-01,2663.82,1300.0,2663.82,1363.8200000000002,0.0
Window Cleaning,2022-03-01,1663.82,2400.0,1663.82,-736.1800000000001,0.0
Window Cleaning,2022-04-01,1992.28,1300.0,1992.28,692.28,0.0
Window Cleaning,2022-05-01,1735.36,1400.0,1735.36,335.3599999999999,0.0
Window Cleaning,2022-06-01,-9710.47,1543.41,-9710.47,-11253.88,0.0
Window Cleaning,2022-07-01,-4045.0,1537.41,0.0,-5582.41,-4045.0
Window Cleaning,2022-08-01,1629.0,537.41,400.0,1091.5900000000001,1229.0
Window Cleaning,2022-09-01,5111.0,1514.1,3000.0,3596.9,2111.0
Window Cleaning,2022-10-01,-1209.0,1637.41,3000.0,-2846.41,-4209.0
Window Cleaning,2022-11-01,-543.0,537.41,0.0,-1080.4099999999999,-543.0
Window Cleaning,2022-12-01,2053.0,537.41,800.0,1515.5900000000001,1253.0
Window Cleaning,2023-01-01,-400.0,1232.22,-400.0,-1632.22,0.0
Window Cleaning,2023-02-01,800.0,1232.22,800.0,-432.22,0.0
Window Cleaning,2023-03-01,1400.43,1232.22,1400.43,168.21000000000004,0.0
Window Cleaning,2023-04-01,3000.0,1232.22,3000.0,1767.78,0.0
Window Cleaning,2023-05-01,399.57,1232.22,399.57,-832.6500000000001,0.0
Window Cleaning,2023-06-01,500.0,1232.0,500.0,-732.0,0.0
Window Cleaning,2023-07-01,,1232.0,1600.0,,
Window Cleaning,2023-08-01,,1232.0,-109.0,,
Window Cleaning,2023-09-01,,1232.0,292.0,,
Window Cleaning,2023-10-01,,1232.0,-32.0,,
Window Cleaning,2023-11-01,,1232.0,50.0,,
Window Cleaning,2023-12-01,,1232.0,-154.0,,
